"Albers, Kenneth"
"Bedard, Mark"
"Bergan, Judith-Marie"
"Comins, Danforth"
"Coulson, Catherine E."
"DeBruno, Tony"
"Donohue, Dan"
"Dur√°n, Armando "
"Elmore, Richard"
"Frank, Robert Vincent"
"Haugen, Jonathan"
"Heald, Anthony"
"Hinkley, Brent"
"Hume, Michael J."
"Hurster, Kate"
"Kelly, David"
"Kenerly, Kevin"
"King, Jeffrey"
"Laube, Miriam A."
"McCallum, Sandy"
"McMahon, Terri"
"Mulligan, Kate"
"Murphey, Mark"
"Nordli, Robin Goodrin"
"Park, Jeany"
"Seago, Howie"
"Silva, Vilma"
"Toppo, U. Jonathan"
"Tufts, John"
"Vogt, K. T."
"Willis, Jack"
"Wilson, Tyrone"
"Young, Rex"
